Overall F1 Rank,Model,Full Model Name,Model Family,Scaling_Used,accuracy,precision,recall,f1,roc_auc,at_risk_precision,at_risk_recall,at_risk_f1
1,SVM,Support Vector Machine,Maximum-margin,1.0,0.8354430379746836,0.7916666666666666,0.7037037037037037,0.7450980392156863,0.9387464387464387,0.8545454545454545,0.9038461538461539,0.8785046728971962
2,NB,Gaussian Naive Bayes,Probabilistic,1.0,0.8227848101265823,0.76,0.7037037037037037,0.7307692307692307,0.9002849002849003,0.8518518518518519,0.8846153846153846,0.8679245283018868
3,KNN,K-Nearest Neighbors,Instance-based,1.0,0.7468354430379747,0.7058823529411765,0.4444444444444444,0.5454545454545454,0.7393162393162394,0.7580645161290323,0.9038461538461539,0.8245614035087719
4,Logistic Regression,,,,,,,,,,,
