RMSE Rank,Session,Week,Task Type,Scenario,Feature Set,Target,Model,Regularization,Alpha,L1 Ratio,MAE,RMSE,R2
1,25,3,Regression,Full-information,X_full,G3,Elastic Net,L1+L2,1.0,0.5,1.255544590347229,2.0386828005218853,0.797307096793844
2,25,3,Regression,Full-information,X_full,G3,Lasso,L1,1.0,,1.2180764342742358,2.0424421551599767,0.796558871450581
3,25,3,Regression,Full-information,X_full,G3,Ridge,L2,1.0,,1.6353719773948034,2.369006310817141,0.7263019769073291
4,25,3,Regression,Full-information,X_full,G3,Linear Regression,None,,,1.6466656197147511,2.3783697847961367,0.7241341236974022
