RMSE Rank,Session,Week,Task Type,Scenario,Feature Set,Target,Model,Regularization,Alpha,L1 Ratio,MAE,RMSE,R2
1.0,25.0,3.0,Regression,Full-information,X_full,G3,Elastic Net,L1+L2,1.0,0.5,1.255544590347229,2.0386828005218853,0.797307096793844
2.0,25.0,3.0,Regression,Full-information,X_full,G3,Lasso,L1,1.0,,1.2180764342742358,2.0424421551599767,0.796558871450581
3.0,25.0,3.0,Regression,Full-information,X_full,G3,Ridge,L2,1.0,,1.6353719773948034,2.369006310817141,0.7263019769073291
4.0,25.0,3.0,Regression,Full-information,X_full,G3,Linear Regression,,,,1.6466656197147511,2.3783697847961367,0.7241341236974022
,,,,,,,SVR,,,,1.8366678536589518,2.726029721807306,0.637589811570441
,,,,,,,KNN,,,,2.5848101265822785,3.3926950565642415,0.4386562685587473
