Model,MAE,RMSE,R2
Default Random Forest,3.1477215189873418,3.9353858801033046,0.24470976229175112
Tuned Random Forest (RandomizedSearch),3.083551351821993,3.8411718207545156,0.2804405294136064
