Model,MAE,RMSE,R2
KNN,2.5848101265822785,3.3926950565642415,0.4386562685587473
SVR,1.8366678536589518,2.726029721807306,0.637589811570441
