Model,MAE,RMSE,R2
Default Decision Tree,3.632911392405063,4.882155572897558,-0.16241834151220558
Tuned Decision Tree (GridSearch),3.539470233681795,4.409733893145566,0.05166017155975944
